diameter,berat,tebal_kulit,kadar_gula,asal_daerah,warna,musim_panen,kualitas
9.996714153011233,344.4694279531526,2.1943065614302077,20.284544784612038,Manalagi,kuning,hujan,baik
9.779041292200137,390.42061139226104,1.8257365597929456,17.21224528923278,Manalagi,hijau kekuningan,kemarau,baik
9.741962271566035,273.46879021368807,1.48252465024609,17.15656870613854,Manalagi,hijau,kemarau,baik
9.071953935823766,320.3037265152331,1.7889968594877779,14.79056901588564,Gedong Gincu,hijau,kemarau,baik
9.567528204687925,293.01007255146175,1.8366851826424453,18.166383884564798,Manalagi,hijau kekuningan,kemarau,baik
8.899746149894089,387.89759284186556,2.0873102003786546,17.04666038958804,Gedong Gincu,hijau,kemarau,baik
9.486502775262066,307.691562841764,2.2467634736309567,16.168734525043465,Gedong Gincu,hijau,hujan,baik
12.27831304155244,397.7455889712927,2.0655914948161587,19.322641558422916,Indramayu,hijau,kemarau,baik
9.384351717611759,337.95585217642844,1.5564434028897718,16.920233687407936,Golek,kuning,hujan,baik
8.153321902638654,314.77634935811574,1.66083430859553,18.201643323942033,Golek,hijau,kemarau,baik
8.823077999694041,374.4670515536347,2.3092998567487855,19.396920178674296,Indramayu,kuning,hujan,baik
9.292834109895425,325.0609042006016,1.5475540131357552,19.64947046367723,Gedong Gincu,hijau,kemarau,baik
8.393665025993972,302.1517350367732,2.2437577467182592,20.034360042856235,Arumanis,hijau,hujan,baik
8.462170123484517,346.9678501988726,2.2918890601267363,19.193393195843914,Manalagi,hijau kekuningan,kemarau,baik
7.895739668863267,337.61441594243774,1.2140764687730767,20.051316224145516,Indramayu,hijau,kemarau,baik
9.591760776535502,270.4972434159643,1.9340984336487463,18.53566885726762,Arumanis,hijau kekuningan,kemarau,baik
8.71074167130208,379.74845135084905,1.936351573486512,17.359696808940416,Arumanis,hijau kekuningan,kemarau,baik
10.415402117702074,363.1500443863874,1.8410719388698884,18.769901149670034,Arumanis,kuning,hujan,baik
10.871862133549776,357.0221317581933,1.9072134360666266,19.009688254160963,Indramayu,hijau,kemarau,baik
9.150881057178104,278.2451625785199,2.088836083119373,16.724229771094215,Gedong Gincu,kuning,kemarau,baik
9.157285483473231,317.9089092311352,1.9516142865001973,18.606076285221807,Arumanis,hijau kekuningan,kemarau,baik
8.556943191532739,406.1583495463717,1.9944347586465079,15.489743067014665,Manalagi,hijau,kemarau,baik
9.560230209941027,448.5296844994115,1.9422917105656632,18.45232101350042,Arumanis,kuning,kemarau,baik
9.839820964186643,349.70479400221706,2.230189051611921,16.275311133758464,Manalagi,hijau kekuningan,kemarau,baik
10.291031947043047,313.6245018082104,2.4208382932808297,15.897223405811578,Golek,hijau kekuningan,hujan,baik
8.61935918147023,353.07579794338284,1.851970255339002,19.384743912512928,Gedong Gincu,kuning,hujan,baik
9.599651365087642,329.860973835352,1.5348009706801602,18.102844462209042,Arumanis,hijau,kemarau,baik
10.036336032382065,313.4123627495489,2.1861644647885203,17.758593934705406,Indramayu,hijau,hujan,baik
8.716746707663763,337.11753935177296,2.244055165210901,16.153703525349066,Gedong Gincu,kuning,hujan,baik
10.863886524417104,451.5665086507733,1.902652712651332,17.69119992435674,Manalagi,hijau,kemarau,baik
9.759882794248423,381.27291487109244,1.6289147867365754,16.019315080373584,Golek,hijau kekuningan,kemarau,baik
8.523527016975274,424.8431149364933,2.0678864808496624,16.301471651942272,Golek,hijau,hujan,baik
9.67483301199147,301.3258043056304,2.3148042176962598,19.9876584922713,Gedong Gincu,hijau,kemarau,baik
8.525318329772679,381.48338414969805,2.347578673702221,16.768976522472435,Golek,hijau,hujan,baik
9.924486244056451,387.6214233984804,1.7397076730061876,18.218792778642463,Arumanis,kuning,hujan,baik
8.610485570374477,317.36758860138247,1.9768694871757688,18.511727962224967,Manalagi,hijau kekuningan,kemarau,baik
10.709381970686634,371.5184001476798,2.8203266477185225,18.14064814522792,Manalagi,hijau,kemarau,baik
10.125667347765006,315.7136977433487,1.6787322505816662,18.723708622864777,Golek,hijau,kemarau,baik
9.375867611118341,379.6136327179095,1.8642613302965994,19.165574692355413,Golek,hijau,hujan,baik
9.053485047932979,384.2559517729389,2.064228123239061,16.131391831932017,Manalagi,hijau kekuningan,hujan,baik
10.130074938601007,420.51749889212914,2.0692861168835397,16.786594662914457,Gedong Gincu,hijau kekuningan,kemarau,baik
9.558208718446,304.28118808677505,2.107336208104485,18.841176789552353,Golek,hijau kekuningan,hujan,baik
8.540991903573222,405.28018416687775,2.271536587986968,17.094143441273207,Golek,kuning,kemarau,baik
10.015047686306048,504.1092596261889,2.17126715320795,19.7033484602709,Gedong Gincu,hijau kekuningan,kemarau,baik
9.732296158176405,357.0472368820929,1.6542303885019956,15.748847410189239,Indramayu,hijau kekuningan,hujan,baik
9.014636452170896,353.2749655754529,2.6943975700020526,15.199102211112379,Indramayu,hijau kekuningan,hujan,baik
9.085468194610108,353.2079485016326,1.7320639179112332,17.4977741289079,Gedong Gincu,hijau kekuningan,hujan,baik
8.784696290740031,377.183909957387,1.780890010484859,18.324687884372963,Gedong Gincu,hijau kekuningan,kemarau,baik
11.889035957392462,423.7365503328213,2.4090306472855114,19.24314896640731,Arumanis,kuning,kemarau,baik
7.474857413342393,357.4581725907771,1.8014640605694836,19.278650002194336,Gedong Gincu,kuning,kemarau,baik
8.728180922243245,416.4520692243262,1.8997258726548898,17.523229640234124,Gedong Gincu,hijau,hujan,baik
11.265454240281096,366.1992684384382,1.6217348136994865,19.376792920582165,Manalagi,hijau kekuningan,kemarau,baik
9.877296265460409,416.0540394591796,1.6019504701592309,20.76557369662777,Gedong Gincu,hijau,kemarau,baik
10.766911149186623,321.69322137524875,2.1331458284438685,19.161951080144004,Gedong Gincu,kuning,hujan,baik
9.480557859100452,312.69633373755676,1.611517257656042,17.84232224288038,Arumanis,hijau kekuningan,hujan,baik
11.132411303931635,292.7943448815747,1.867986653990905,18.196110865929136,Indramayu,kuning,kemarau,baik
9.558508902306844,443.9198771380129,2.1214926526311575,19.364607262439726,Indramayu,kuning,kemarau,baik
9.699059695573471,325.9913249136482,2.0209406254970057,17.422029604707358,Indramayu,hijau kekuningan,kemarau,baik
7.602623017511342,401.2216304670985,1.8154598966686009,21.16697646242438,Manalagi,hijau kekuningan,kemarau,baik
9.348214904964417,373.53268825938306,2.08429756032051,17.06595072026911,Indramayu,hijau kekuningan,hujan,baik
10.384990467186665,331.4188100542013,1.8133288505281162,17.46676703862546,Indramayu,hijau kekuningan,hujan,baik
10.399599875433251,362.29198083506435,2.243858635651688,18.944443262885418,Manalagi,hijau,kemarau,baik
10.051737010465075,321.5948816829006,1.4636985164204654,16.169144843577218,Golek,kuning,kemarau,baik
10.047097381170039,341.91229390264425,1.934695639031834,19.648165277980784,Golek,hijau,kemarau,baik
9.092084647228704,360.4649222388987,2.0036439527219674,19.39640112596112,Indramayu,hijau,kemarau,baik
10.181952971294963,337.58932973626173,2.0972499057465326,17.804785418448475,Gedong Gincu,hijau kekuningan,hujan,baik
11.412317639839971,392.6090833018767,1.4623864699594356,17.32983973231514,Gedong Gincu,hijau,hujan,baik
10.658110873500068,381.6665077585174,2.1872359451156465,18.94251826389642,Manalagi,hijau kekuningan,hujan,baik
8.800853421908084,349.6473181501677,1.3729946754109161,20.65564727485008,Gedong Gincu,hijau,hujan,baik
8.674502803207488,337.1445663338803,2.1238794362826874,17.154413170794037,Manalagi,hijau,hujan,baik
9.06669659309744,358.15290910109866,2.167732760784358,19.308812387145718,Arumanis,kuning,kemarau,baik
8.051915658502676,293.7014490249378,1.7844667336242692,17.67982927243223,Gedong Gincu,hijau kekuningan,hujan,baik
7.462924065027861,412.8012912217069,1.9093027273771077,17.993155756514554,Golek,kuning,kemarau,baik
9.822718560338089,316.9107622579071,2.1558039542723515,20.299108369503866,Golek,hijau,hujan,baik
8.054390027527917,316.2345234592904,1.8970396290106497,18.68651468164326,Gedong Gincu,hijau kekuningan,kemarau,baik
9.724092481810416,350.5036960312718,2.0293028295646494,16.8404853242168,Golek,hijau,kemarau,baik
11.775761297567204,366.24906740199714,1.8704173395174883,20.789950509730396,Golek,hijau,hujan,baik
10.372320636720678,357.3336802295341,2.6569408799653016,16.78755257196727,Golek,kuning,hujan,baik
9.342276041745897,295.7976817792827,2.3097801212053928,15.284803012505975,Arumanis,hijau kekuningan,hujan,baik
9.84175597577716,425.04683356863546,2.285127151455815,17.134644516506395,Arumanis,hijau,hujan,baik
10.241963016529466,409.06634501718514,2.2100728860087258,17.801550834086306,Gedong Gincu,kuning,kemarau,baik
10.679440120721287,331.2329739158118,1.4860596412727367,20.03080856124812,Gedong Gincu,kuning,hujan,baik
9.775635157887407,361.1489213988265,1.26432061960528,16.648059272003,Gedong Gincu,kuning,hujan,baik
9.505243699718184,351.8792237505897,1.864980358556227,18.93427489852125,Arumanis,hijau kekuningan,kemarau,baik
8.131409884458144,371.41967239900816,2.3181340442331404,20.312056495377274,Indramayu,hijau,hujan,baik
9.83231401197959,320.06053853773784,2.4653455926567567,18.173511951439288,Golek,kuning,hujan,baik
9.669972902907308,396.1298074571382,2.3079739539656234,18.249132198762226,Arumanis,hijau kekuningan,kemarau,baik
10.145375949585148,404.74526230129396,1.7105229618259687,19.029077189997658,Arumanis,hijau kekuningan,hujan,baik
7.769126896234432,407.77355167927243,2.2658190680738457,17.79438326843722,Gedong Gincu,hijau kekuningan,kemarau,baik
11.002357052096029,352.963791216791,2.4885846636713875,15.929847812677663,Golek,hijau,hujan,baik
9.485281741365064,381.8562171878531,1.915584468034674,15.502960205707488,Gedong Gincu,kuning,hujan,baik
7.432557899960123,346.4351984194885,1.608659149848544,19.004508823245057,Golek,hijau,hujan,baik
8.398748095152888,369.50693099693177,2.2242104094835407,17.563961537953436,Manalagi,hijau,kemarau,baik
8.514273953664457,370.16186062071375,1.8409227144882678,16.810690751606483,Manalagi,kuning,hujan,baik
8.065911130767477,342.33868704346827,2.017242200907289,14.575796264938802,Manalagi,kuning,hujan,baik
8.800274492007414,358.55919642936885,1.966301585092751,17.668545600700167,Manalagi,hijau,kemarau,baik
8.763587827742354,373.1801760619942,1.8358160490987436,16.157918971314565,Arumanis,hijau,hujan,baik
6.994556715177531,438.81090443930935,2.4934903140503852,19.997686966788628,Arumanis,hijau kekuningan,kemarau,baik
12.578880808455239,394.7829964573831,1.9616247225557701,16.566689339099362,Indramayu,hijau,kemarau,baik
8.689494153020782,313.81832464851715,1.9439284632318774,17.92831368393969,Manalagi,hijau,kemarau,baik
8.853427115757473,306.7380798554242,2.5061424905217695,19.322459635424174,Indramayu,hijau kekuningan,hujan,baik
8.626025880514904,349.86816318690586,2.7122988210477166,19.521799039030945,Gedong Gincu,hijau,kemarau,baik
8.462753845673543,342.38645287665565,1.7373145239845729,15.925800403553495,Indramayu,hijau,kemarau,baik
7.5862224197316435,387.651383122419,2.008307279484864,18.191048217805733,Gedong Gincu,hijau,kemarau,baik
8.849357430878174,330.51498464941216,1.8222818227283393,16.704013845480276,Golek,kuning,hujan,baik
6.997240478337785,377.3856880622067,2.117075980694943,17.872636751256252,Arumanis,hijau,kemarau,baik
8.923228669431667,380.2156490330302,2.1502751562873144,16.533667132802172,Indramayu,kuning,kemarau,baik
11.543320489682305,414.78448621749243,2.279903642116505,16.85739762640827,Arumanis,hijau kekuningan,kemarau,baik
8.736740843457483,277.8047159734192,1.5117372686350512,18.07212741999207,Golek,hijau,hujan,baik
7.975709466830008,381.90945258314537,1.6582574814230353,18.401613998554893,Indramayu,kuning,hujan,baik
8.84816389219784,351.89594685265655,1.7418759904148142,17.42316668365526,Indramayu,hijau kekuningan,kemarau,baik
8.898031321103616,380.4100437854144,2.3318987314485327,19.157457223952004,Gedong Gincu,hijau,hujan,baik
7.028355499872711,318.1241897811809,2.173121638154162,17.695431920935512,Arumanis,hijau,kemarau,baik
9.669729284390375,353.575756765826,2.146413223813625,20.370201142612803,Manalagi,hijau,hujan,baik
9.837602662075202,333.5249213551013,1.853718132778252,17.35116271827057,Manalagi,hijau kekuningan,hujan,baik
10.043483152963777,391.39683708322394,1.337568034497837,18.541167637010144,Gedong Gincu,hijau kekuningan,hujan,baik
10.701213922163944,333.6769850791379,1.388562639446644,16.487870533623894,Arumanis,kuning,kemarau,baik
10.551593040671666,316.25820151018115,1.5259244189769419,18.024080127965895,Arumanis,hijau kekuningan,hujan,baik
10.329405581183488,261.5545876396846,2.0706843674325697,19.15629779083045,Indramayu,kuning,kemarau,baik
9.665194380120576,372.75746697878566,1.7375579858765895,17.39944069024867,Indramayu,hijau kekuningan,kemarau,baik
10.132781866106285,440.82771431217583,2.0545598765175486,18.372330879450505,Gedong Gincu,kuning,kemarau,baik
8.40860956270653,317.3199424295642,2.452931393737887,18.603051720070383,Manalagi,hijau,kemarau,baik
10.5375399442579,329.59934404581014,1.9190375194119886,16.53185442632654,Gedong Gincu,hijau,hujan,baik
9.072592057550525,327.8941690661198,2.2891550956146087,19.460336171280186,Gedong Gincu,hijau,hujan,baik
9.9134349032237,425.07183250232265,1.767863240268928,16.133017945032876,Manalagi,kuning,hujan,baik
9.670594203580864,383.42261593399616,1.7327469972646767,14.512920507821399,Golek,kuning,hujan,baik
11.268464262096426,374.1193633054429,2.733725593885048,18.584630874498096,Indramayu,kuning,kemarau,baik
9.981009231736714,358.95536097116525,1.7628576633664064,18.707202535703992,Gedong Gincu,hijau kekuningan,hujan,baik
8.158554842200303,425.4731244849695,2.0551650055715474,18.150143163869547,Gedong Gincu,hijau,kemarau,baik
8.510395179741419,344.9685231960141,2.0167174736866085,19.64128727770642,Gedong Gincu,kuning,kemarau,baik
8.245909860450023,328.37095665888916,2.3212989401615767,17.35017271550804,Gedong Gincu,kuning,kemarau,baik
9.270120428553613,375.12560053922675,2.3810376639727147,16.772288674436414,Gedong Gincu,kuning,kemarau,baik
9.240408648636395,289.87428187527576,1.9262770807742167,17.590914645378493,Gedong Gincu,kuning,hujan,baik
10.304439110110865,343.71144426542196,2.324137960701605,15.23264213955586,Manalagi,kuning,hujan,baik
9.23111130944517,305.7389636503332,2.772007940974958,18.08882765102173,Manalagi,kuning,hujan,baik
8.717456294765519,376.971218749871,1.965546794155093,18.232554935393278,Manalagi,kuning,hujan,baik
9.467246729784002,328.2630091546494,1.7861462651968507,18.159645341537846,Arumanis,hijau,hujan,baik
10.888582269040288,243.6259457180251,1.376487003524317,16.139039883468644,Arumanis,hijau,kemarau,baik
9.157312405919651,335.14236536016836,1.5777464915846537,16.833274968613686,Indramayu,hijau kekuningan,kemarau,baik
9.138109028766996,347.21640708347957,2.145594798968136,16.840999286589792,Gedong Gincu,kuning,hujan,baik
10.221672064043235,304.83792915131085,1.8426439201160678,18.73406184184188,Gedong Gincu,kuning,kemarau,baik
9.149318472121212,340.8313579378563,2.2441591724370817,16.589379338148145,Indramayu,hijau kekuningan,hujan,baik
9.13903383418092,396.37319213456993,1.6756810017200308,18.923903410416397,Indramayu,hijau,hujan,baik
7.8302208279315995,420.58747737050874,1.6275496307152633,16.77554188641773,Arumanis,kuning,kemarau,baik
7.943370826476096,374.2403980538256,1.615871194251115,20.63219127297655,Gedong Gincu,kuning,kemarau,baik
7.746530583749337,328.20311060164363,2.291546807051821,17.95356262404514,Manalagi,hijau,kemarau,baik
9.136387787786145,347.7221750511573,2.092340530667618,15.434747411015062,Gedong Gincu,kuning,kemarau,baik
8.877145496898716,333.27427863962913,1.6134657860728026,18.15122613338108,Golek,kuning,kemarau,baik
9.695845255097682,310.86508889539874,2.1224758267143415,15.44612459364324,Golek,hijau kekuningan,kemarau,baik
9.030852279805066,371.0774965052716,2.486160033549763,20.35574195289171,Arumanis,kuning,hujan,baik
7.659125768668355,298.8169213305719,1.8125544266912963,18.03913657531625,Arumanis,kuning,kemarau,baik
9.151986913703162,357.94233451585166,1.5696905098523464,18.871533014798977,Indramayu,kuning,hujan,baik
8.576766753889096,295.9326157753467,1.7072380241068001,19.58046269491176,Indramayu,hijau kekuningan,kemarau,baik
11.58131465676514,337.8178544605097,2.0285962420843155,18.26855519482345,Manalagi,kuning,hujan,baik
8.924362173762226,354.88039258581443,2.7680253614806385,17.855910150413024,Manalagi,hijau kekuningan,hujan,baik
9.14782701640041,359.7008170245008,2.053953625618418,17.49772159143583,Manalagi,hijau kekuningan,kemarau,baik
8.873032942212232,422.49794231987715,2.2123255806366426,17.1562998361586,Gedong Gincu,kuning,kemarau,baik
8.412219064738238,387.1793002937908,1.471139921338688,19.716202803924627,Golek,kuning,hujan,baik
9.425566570899953,374.82688390202713,2.053310300279976,15.996983461934848,Indramayu,hijau kekuningan,kemarau,baik
10.31669851771357,374.7464783883973,2.3858805840213804,19.59331477637057,Manalagi,hijau,kemarau,baik
9.429834288541352,283.56156265936033,2.1288854657397756,18.311531530744666,Arumanis,kuning,kemarau,baik
10.31848473463854,355.35390616984,2.133991919455126,17.680091436051313,Arumanis,hijau kekuningan,hujan,baik
9.460444846143345,377.26002789490497,2.008495512839138,18.04463420924362,Arumanis,hijau kekuningan,hujan,baik
8.09484007763554,370.0413337406938,1.6872545377318584,19.916890243857246,Arumanis,hijau kekuningan,kemarau,baik
9.313128355838641,332.410757669033,2.43409336530612,18.294832164767364,Golek,kuning,hujan,baik
11.848160519774607,284.7243939518706,1.595160928572343,21.126465227393066,Gedong Gincu,hijau kekuningan,hujan,baik
8.713399590205446,301.8806885249498,2.9892683802365827,13.974852314804815,Golek,hijau,kemarau,sedang
10.29889812361925,285.48645758241366,2.3217989914396915,17.180076715676552,Manalagi,hijau kekuningan,kemarau,sedang
7.127369372628989,331.74631767921414,2.3798558047645484,13.792819625009512,Indramayu,kuning,hujan,sedang
6.995859233247932,269.2880973958349,2.4861260450452876,15.351322098804781,Indramayu,hijau,kemarau,sedang
6.929421920322833,327.30492945828587,2.433710778741354,13.761622735473809,Golek,kuning,kemarau,sedang
7.950536290347567,326.99277968666416,2.0509111913750804,15.573614619276077,Manalagi,hijau,kemarau,sedang
9.167102914383635,364.8443423115086,1.8720158649370626,15.110944446110352,Manalagi,hijau kekuningan,hujan,sedang
7.3768594735752355,277.78091523358984,2.245045149077393,16.78352479666133,Arumanis,hijau kekuningan,hujan,sedang
7.626600731623431,253.057191719515,2.81836260193899,16.572796407761402,Arumanis,hijau,hujan,sedang
7.4477769557190285,325.31727271022044,2.58116920834052,12.726383827504153,Golek,hijau,hujan,sedang
7.159889921416662,306.5879130974856,2.354985989960255,15.875700564234435,Golek,hijau,kemarau,sedang
8.285865390724904,313.378271599481,2.7634177090691323,18.015306808149525,Indramayu,kuning,hujan,sedang
6.251453015042474,249.70638798284622,2.853640334623672,13.573974312892009,Gedong Gincu,hijau,hujan,sedang
7.482388700963829,308.95151806555594,2.4934308415708992,16.782589910172128,Golek,hijau,kemarau,sedang
9.205628077952838,313.72540204067496,3.029549921514885,13.302275786800957,Gedong Gincu,kuning,hujan,sedang
8.583928185325965,285.62831636851763,2.736261932276924,16.66305537087436,Gedong Gincu,hijau kekuningan,kemarau,sedang
8.405617593140379,328.6002805520456,2.700966652874811,16.286168897576108,Manalagi,hijau,hujan,sedang
9.382158991037528,325.9483955035857,2.433152767873258,15.220070529649984,Manalagi,hijau,hujan,sedang
7.310459678919634,319.79822070246104,2.6673010219144,15.600618043857656,Indramayu,kuning,kemarau,sedang
8.191099068019904,301.85746192624595,1.9560575436080323,16.11938034904083,Golek,hijau,kemarau,sedang
9.495133745517412,308.5452169771404,2.6066322186779747,14.39793036400166,Manalagi,kuning,kemarau,sedang
7.904704467613048,311.1608610308136,2.7431586038866156,15.279913684734538,Arumanis,hijau kekuningan,kemarau,sedang
8.175545829890508,316.3404939350971,2.4254510422547635,14.39300126503943,Manalagi,hijau kekuningan,kemarau,sedang
9.619116898756381,347.7534024708166,2.978018651569937,15.528486774538486,Gedong Gincu,kuning,kemarau,sedang
7.441078152728411,315.0884750025808,3.1262096116937363,14.901374608390519,Arumanis,hijau kekuningan,kemarau,sedang
6.299006448061246,283.7402849321495,2.0080522487036743,14.733389517768892,Gedong Gincu,kuning,kemarau,sedang
6.978767182869287,328.3342578919741,2.5975202855084794,14.153882053894908,Arumanis,hijau kekuningan,kemarau,sedang
7.777587221544434,254.12165485066242,2.4541638798768126,15.949901253455364,Gedong Gincu,hijau,hujan,sedang
6.474474829075261,272.3236772047502,2.481765593457801,15.365009173984038,Indramayu,hijau kekuningan,kemarau,sedang
7.289128069588759,273.2351567554943,2.529682485520062,14.655896095904472,Gedong Gincu,hijau,kemarau,sedang
7.917848821607431,344.6918332635251,2.6370901385510814,15.685129828730675,Gedong Gincu,hijau kekuningan,kemarau,sedang
10.143320417084892,342.96462340929827,2.122252488982779,17.264092390220526,Gedong Gincu,hijau,hujan,sedang
6.969282497198477,298.0093396140366,2.6499911753358836,13.863900724652536,Arumanis,hijau kekuningan,kemarau,sedang
7.9598420493556565,242.76899591527808,2.5512417659643156,13.97842251378768,Golek,hijau,hujan,sedang
7.365394964706644,339.83008946725425,2.389240464081449,14.961916430423269,Manalagi,hijau,hujan,sedang
7.547693680750923,203.04482693484175,1.8664388706057107,16.140621984216445,Manalagi,hijau,kemarau,sedang
8.372131391093161,319.1548865572734,2.4903292091607483,14.14349292054064,Indramayu,hijau,hujan,sedang
7.9963974609094315,253.6654124322983,3.10135932070686,16.316043435863506,Indramayu,hijau kekuningan,hujan,sedang
7.123681332025819,301.5064093267175,2.3923255473274443,14.870792331774954,Gedong Gincu,kuning,hujan,sedang
6.998379990105084,288.7559882845618,3.219074610739809,15.961264291900514,Arumanis,hijau,hujan,sedang
7.506537183635984,282.2006671450456,2.6102042249393014,13.802182026590726,Indramayu,hijau,kemarau,sedang
8.059630369920175,274.12252889177705,2.779289325445436,15.590228078132624,Manalagi,kuning,hujan,sedang
7.42053672592993,343.56039927139096,2.5458133464861854,16.425218206498247,Arumanis,hijau kekuningan,kemarau,sedang
10.075260872625265,272.4324872764173,3.1943855212660996,15.296866175193971,Golek,kuning,kemarau,sedang
6.9684237531298425,278.8280704981512,2.747474619139162,16.69398665630925,Manalagi,hijau,hujan,sedang
9.727543170100711,317.45294678696126,2.51520139126728,15.180046990077392,Indramayu,kuning,hujan,sedang
7.4977442838058765,308.46379881521574,2.936418440865867,14.833899856378956,Gedong Gincu,hijau,kemarau,sedang
7.516813537700626,362.9594705316013,2.0096937347990633,12.80343767968527,Manalagi,hijau kekuningan,kemarau,sedang
6.438193138604529,380.06948410120543,2.4578432298250696,17.671243819449963,Indramayu,hijau kekuningan,kemarau,sedang
7.82737270005918,335.3463974994669,2.7609291513653678,12.635411764523626,Manalagi,hijau,hujan,sedang
8.532859892813459,249.8476706482697,3.050721397151572,16.165524143635935,Manalagi,kuning,hujan,sedang
8.494030186282739,310.4269506329563,2.2798779384618317,13.992564948092923,Indramayu,hijau kekuningan,kemarau,sedang
8.323800127605946,288.3404008402604,1.839803515984895,14.924365722417768,Manalagi,hijau kekuningan,hujan,sedang
8.771698710648344,186.05829517479697,2.959506280148841,12.39042933183285,Gedong Gincu,hijau,hujan,sedang
8.374280055577305,296.52620891479233,2.8229172499244335,13.131350911350452,Gedong Gincu,hijau,kemarau,sedang
7.5322987986881085,313.86015526922864,2.4812317684483265,15.715561240834683,Indramayu,kuning,hujan,sedang
5.904842477320015,310.16695568984807,2.3962998229679098,16.850530382064054,Gedong Gincu,hijau,kemarau,sedang
10.446367850896873,360.21759410402854,2.360539146236856,14.323898698021239,Manalagi,kuning,hujan,sedang
8.381935452231554,317.2016658876428,2.9121133816127367,15.35818373853977,Gedong Gincu,kuning,kemarau,sedang
7.673119220320348,277.9620754213829,2.519354047314321,13.968684822990612,Gedong Gincu,hijau,hujan,sedang
7.326012881063935,374.6321564690722,2.5314540761264364,14.79341115181811,Gedong Gincu,hijau,hujan,sedang
8.916327674702481,313.8595390359197,2.899204043943861,10.655616932709467,Indramayu,kuning,kemarau,sedang
7.128866235962484,316.1356009341631,2.1246128359176604,15.966402239263953,Manalagi,hijau,hujan,sedang
7.376231039304195,376.5612541546715,2.4237270396946613,15.326149309769585,Gedong Gincu,hijau,hujan,sedang
7.96911236442842,380.1362906872842,2.885186211645652,15.461431133176578,Golek,kuning,hujan,sedang
9.105525932957985,347.4812122224152,2.755492088811674,13.285492630904274,Manalagi,kuning,hujan,sedang
7.228371677583121,311.865132787047,2.9020570293112073,14.621429934803325,Golek,hijau,hujan,sedang
9.613711269058648,318.1413720605592,2.4023373458837405,16.446130752432538,Gedong Gincu,kuning,hujan,sedang
9.046920127650012,322.7980122136553,2.7885865095140296,15.953095398322345,Arumanis,hijau kekuningan,hujan,sedang
7.849944412967473,305.0230581388617,2.4307712702864523,15.0233685713722,Indramayu,hijau kekuningan,hujan,sedang
6.7219774165636235,234.2503713764777,2.145934600400061,17.328842723234462,Gedong Gincu,hijau,hujan,sedang
7.361038252310498,247.07640826370007,3.156806064054548,16.514725634013953,Indramayu,kuning,hujan,sedang
5.75090427194406,272.6803067859551,2.523656848908969,16.689175539023072,Gedong Gincu,kuning,kemarau,sedang
6.610427533236404,234.18405012172434,2.9090281728038563,18.65962860950891,Golek,kuning,hujan,sedang
8.679973075516756,323.0187466997772,2.3989257247996143,15.588126794551304,Golek,kuning,hujan,sedang
7.246035411133324,288.77299692532904,1.8228172743218458,14.852490559807876,Gedong Gincu,hijau,hujan,sedang
8.970900731934309,275.3021355016361,1.7351587355660558,15.595257998773208,Manalagi,kuning,hujan,sedang
7.010371863429662,337.63084751952863,2.1070050425846762,14.663050275004464,Golek,kuning,kemarau,sedang
7.030800389686234,322.0414920897015,3.238650600332189,15.333424076187425,Gedong Gincu,kuning,hujan,sedang
6.407006266468331,317.61898951841596,2.4921448804293274,15.828734931625721,Gedong Gincu,kuning,kemarau,sedang
7.421036744805829,302.5475357460646,2.6887845332986435,15.208823112967355,Arumanis,hijau,kemarau,sedang
8.048860070325704,301.6236676481553,2.2192033248772978,14.005648623673578,Indramayu,hijau,kemarau,sedang
9.149419728263714,287.96383922554566,2.389870710597828,16.12706398061392,Golek,kuning,hujan,sedang
7.281592734430802,335.79697507777763,2.382020128683189,16.8716131090106,Indramayu,kuning,hujan,sedang
8.239477461705896,268.7192945236957,3.38907825165403,13.143268583869325,Indramayu,hijau,kemarau,sedang
9.201662882705161,333.6870096722648,2.4258849364489166,15.08545342668428,Arumanis,kuning,kemarau,sedang
7.442508214992166,245.2078808168369,2.464687180659498,18.86956400648148,Golek,hijau,kemarau,sedang
8.414541814379788,269.107838986941,1.925752468714624,12.130340362231463,Gedong Gincu,hijau kekuningan,kemarau,sedang
8.568983079185275,365.1358649251415,2.348348903605005,14.694629459846457,Gedong Gincu,kuning,hujan,sedang
6.899220717163315,271.5480550095785,2.2653743681749123,14.703697161454548,Gedong Gincu,hijau kekuningan,kemarau,sedang
8.233785911790747,237.76417415185492,2.6323520928857826,16.250293442413387,Indramayu,hijau kekuningan,kemarau,sedang
6.827396743138684,250.66127594879578,2.77799916031075,17.919814256272147,Arumanis,hijau,hujan,sedang
7.294988144241591,297.76923689369175,2.723330765008689,15.114008087118616,Indramayu,hijau,kemarau,sedang
7.0093076113622965,325.1765433954715,2.1340163728869213,15.121915264150541,Indramayu,hijau kekuningan,kemarau,sedang
7.264470057410233,349.4437270084175,2.9365240482377075,15.913707181360765,Golek,hijau kekuningan,hujan,sedang
7.4660908986832,243.71423895140333,2.529198702389343,16.170117269574874,Indramayu,hijau,kemarau,sedang
10.319329539981695,315.7327135757749,2.5768196465960127,14.536325303696248,Indramayu,kuning,kemarau,sedang
8.503736046212426,323.29583839936254,2.071762264705759,13.665380847320147,Arumanis,hijau,kemarau,sedang
6.163794626896704,320.31965307650177,2.0586533575304506,11.770664110571275,Manalagi,hijau kekuningan,hujan,sedang
8.836323722995552,301.250675089947,2.6005222563225523,14.997674241246147,Indramayu,hijau kekuningan,hujan,sedang
8.081829358547566,296.0444138723543,2.8676305931951074,14.564588183717023,Arumanis,hijau,hujan,sedang
8.568441006256155,323.98376453125974,2.297150775977364,14.645467894366506,Manalagi,hijau,hujan,sedang
8.536509843570403,264.0612807283585,2.5112724629476513,14.986321505033695,Arumanis,hijau kekuningan,hujan,sedang
7.774853472649979,307.9031568820563,3.485951054343073,14.549789573411262,Arumanis,hijau kekuningan,kemarau,sedang
8.010352619843381,247.5265507059936,2.073954534769851,14.542162943467998,Arumanis,hijau,hujan,sedang
8.5077576703115,302.15953673783173,1.779036437002313,14.030205718211343,Golek,hijau,hujan,sedang
7.060664606181246,294.23649777113536,2.016122102863557,15.899893094994306,Indramayu,hijau,kemarau,sedang
7.033482974065007,316.68761857530257,2.2245332980148227,14.906014565696333,Arumanis,hijau kekuningan,hujan,sedang
8.148667457202112,286.51656115527845,2.254638934583624,14.546295470267808,Arumanis,kuning,kemarau,sedang
8.015686713795603,270.8507327450239,1.8862805494462167,16.36865287388875,Manalagi,hijau kekuningan,hujan,sedang
5.446078865098045,337.37279644957096,1.9532485206338315,14.662851897160975,Golek,hijau kekuningan,hujan,sedang
8.872425301180048,284.34906309120265,2.851457403890417,13.258451262126655,Arumanis,kuning,kemarau,sedang
8.863100226170632,268.14239275761685,2.543538252083648,13.322052857701788,Arumanis,hijau kekuningan,kemarau,sedang
7.984690150827005,323.1716599840435,2.547832147365661,13.540396588677666,Golek,hijau,kemarau,sedang
6.806940045089764,298.39645949373784,2.9672870887267457,13.705641991874252,Gedong Gincu,hijau kekuningan,kemarau,sedang
6.628098857068643,235.45754408493036,3.0884681309974433,14.686014484272201,Manalagi,hijau,kemarau,sedang
9.142326454538352,255.1671053791845,1.860345405421195,14.389915375430125,Indramayu,kuning,kemarau,sedang
10.157308213265503,275.77140307986645,2.796838148803723,15.448938870609737,Manalagi,hijau kekuningan,kemarau,sedang
7.359506565230816,306.73580769900985,2.0234839442848775,15.09402809533031,Golek,kuning,kemarau,sedang
10.013387247526623,305.4614132433095,2.3538713794751565,15.277020458797363,Gedong Gincu,hijau kekuningan,hujan,sedang
7.197507266788353,351.9524529938821,2.107633022815881,13.00812289246909,Golek,hijau kekuningan,kemarau,sedang
6.95308901731806,321.46611010109143,2.9742816618651986,16.0784299659976,Arumanis,hijau,hujan,sedang
8.607131100783619,352.4463554527242,1.9989643950538016,14.246306269634076,Golek,kuning,kemarau,sedang
11.202149252226594,370.04347104075833,2.682355108832643,17.00443573755741,Arumanis,hijau kekuningan,hujan,sedang
8.057013124897084,310.74369115453027,3.1113873705650126,15.761753634434436,Gedong Gincu,hijau kekuningan,kemarau,sedang
7.146263465315088,314.36837601831365,2.7227283363099994,14.684444762158432,Arumanis,hijau kekuningan,hujan,sedang
6.955190805978966,221.3457364249599,3.3224828519761287,13.345187451417475,Gedong Gincu,hijau,kemarau,sedang
7.5161888684589035,286.7417480910144,2.5841882166121937,14.75315539348711,Indramayu,kuning,hujan,sedang
8.860473488359744,276.6769024572425,2.4331513144854355,15.423869925732449,Golek,hijau,hujan,sedang
9.213731437725842,294.3982859223105,2.85543955213235,16.10167355023148,Gedong Gincu,hijau,kemarau,sedang
8.181021558703707,248.12672208176613,2.6598751807010568,14.022964659312256,Gedong Gincu,hijau,kemarau,sedang
8.030478850265665,240.32255414114502,2.6977773656334474,16.085420428766668,Arumanis,kuning,kemarau,sedang
8.240753179488568,404.0673245672158,2.726203858252618,12.358855861266274,Indramayu,hijau,hujan,sedang
8.32865216037321,336.00914635660945,2.251048722003679,15.717134994941183,Gedong Gincu,kuning,kemarau,sedang
7.7909767427139744,265.979181831628,2.267790620078111,15.882867606630914,Golek,hijau kekuningan,kemarau,sedang
8.719837290871391,357.8601574378631,2.2941433803127413,13.3346649202356,Gedong Gincu,kuning,kemarau,sedang
7.865982833327083,300.5875277891679,2.1860406747671037,15.97242065076579,Indramayu,hijau,hujan,sedang
6.550143434519094,255.74767275086631,2.318324176675394,13.769484263203957,Gedong Gincu,kuning,kemarau,sedang
9.726963851233405,284.0145525754159,2.5898738903007543,16.398886247809635,Arumanis,kuning,kemarau,sedang
9.681092314930488,269.96377800879543,2.9666194363908023,14.14050329251358,Gedong Gincu,hijau kekuningan,hujan,sedang
7.448141854107553,402.3279714267301,2.274300960537045,15.276826954795556,Manalagi,kuning,kemarau,sedang
9.861315597236395,375.4645858435764,3.152371672505176,16.434660522521433,Indramayu,hijau,kemarau,sedang
8.778361076166638,277.9525713468587,2.172720446631077,14.994938313883573,Gedong Gincu,hijau kekuningan,kemarau,sedang
9.115902053365362,274.029376876963,2.8791303211348866,16.02305167506589,Golek,kuning,kemarau,sedang
6.858310885866495,292.2536216288113,2.213271071758878,12.200195074390411,Indramayu,hijau kekuningan,hujan,sedang
8.480059580086683,245.3815191123128,2.575939134484986,15.865137099289608,Gedong Gincu,kuning,hujan,sedang
9.221033695525353,323.2839081387446,2.4094063604600673,13.56084114491478,Golek,hijau kekuningan,kemarau,sedang
9.198641371991052,222.50550734094162,1.9986607227512456,15.52296651650133,Manalagi,kuning,hujan,sedang
8.140886246911204,229.26242537748595,2.6292670856739124,14.778596120551997,Golek,kuning,kemarau,sedang
9.032963947152806,292.20219166284164,2.352467908162984,15.602656923837861,Manalagi,kuning,kemarau,sedang
6.830083164289712,185.109511468734,2.4889940379797455,17.658377395004617,Gedong Gincu,hijau kekuningan,kemarau,sedang
8.900176986912467,331.1243674450407,2.6419113928680797,13.353206462476164,Golek,hijau kekuningan,hujan,sedang
8.76608027838469,349.0773289553723,2.459938369408019,14.694489374734552,Manalagi,kuning,hujan,sedang
8.355022454421517,291.15547618845994,2.1638874277371483,13.61575471540975,Gedong Gincu,hijau,hujan,sedang
7.74330138278094,354.185048493403,2.4914530822606253,11.714654707983836,Golek,hijau kekuningan,hujan,sedang
6.230918484429415,409.50492532861006,2.794737558836973,14.93901776509373,Golek,hijau kekuningan,hujan,sedang
6.437454143113458,278.8378929061482,2.817705871848731,13.118565865246126,Manalagi,kuning,hujan,sedang
6.666842689346345,396.59163994634525,2.5319973522236574,15.521859174487329,Arumanis,hijau kekuningan,hujan,sedang
7.265408423201951,267.58990251942475,2.5802276788923773,16.722956024143073,Arumanis,kuning,hujan,sedang
7.704458759853451,306.092620543065,2.651792822866203,17.717257218890275,Manalagi,kuning,kemarau,sedang
6.927860988014393,183.1459806602157,2.674623921663067,16.355902261629293,Arumanis,hijau,kemarau,sedang
9.769862420676967,258.6250868830561,2.2156959585803286,15.11065516183033,Indramayu,hijau kekuningan,hujan,sedang
7.81710355889516,354.9950567659274,2.241614328350186,13.801211990024619,Arumanis,hijau,kemarau,sedang
9.161933813456097,269.2654021074371,1.9215487869759351,15.142490627034457,Manalagi,hijau kekuningan,kemarau,sedang
7.708188731084456,237.47236765213373,2.853243910858864,14.883244204480796,Gedong Gincu,kuning,hujan,sedang
7.026553258600524,299.7841049455386,2.9153555022938447,15.758136139825048,Golek,kuning,hujan,sedang
6.635924492645318,178.08610108413166,3.4596144672876017,10.663711828922011,Indramayu,kuning,hujan,buruk
7.925774881648381,276.83718115062305,3.3826951070852167,11.616357083586722,Arumanis,hijau kekuningan,kemarau,buruk
7.08167938075337,207.68216725045633,2.678225083841269,14.059921635162322,Gedong Gincu,kuning,kemarau,buruk
6.1813437943778915,274.1712744057302,2.7267463027456227,10.968565860133996,Golek,hijau kekuningan,kemarau,buruk
5.353852904780776,271.17995327967304,4.031262459621573,9.864934171491454,Gedong Gincu,kuning,hujan,buruk
6.729825156639158,262.0619068827674,3.2606476452978783,12.0116211170849,Golek,hijau,kemarau,buruk
5.2251277662237445,271.4153548603824,2.9064278674977255,13.971459991359726,Golek,kuning,hujan,buruk
6.539269389848849,236.65426439928396,3.8964612956654365,12.447910556179469,Indramayu,kuning,kemarau,buruk
6.733261161892803,232.34168535946557,3.1692419217308454,11.409197179721941,Manalagi,kuning,hujan,buruk
8.66945139055903,267.53925878774044,2.848169238063002,8.089447147379797,Golek,hijau,kemarau,buruk
3.9537741211896864,219.60890064527837,3.6484972732805545,11.954263875402235,Indramayu,hijau,hujan,buruk
7.154980609474418,208.00595517446322,2.717357611800459,11.178582681795167,Indramayu,hijau,kemarau,buruk
8.43845082736333,233.883976539433,3.608579260412748,15.042632103844902,Gedong Gincu,hijau,kemarau,buruk
6.376372158323341,311.2566174083937,3.018975218145223,12.27108918431726,Indramayu,kuning,hujan,buruk
5.085152250608237,309.38396942307816,2.7676913513508037,12.402319311745678,Gedong Gincu,hijau kekuningan,kemarau,buruk
6.017519906579995,276.2132338821584,2.745402379757268,13.555062481629887,Indramayu,hijau kekuningan,hujan,buruk
5.867441100418589,371.45249643791954,2.4998343376972127,13.274338969641192,Gedong Gincu,kuning,kemarau,buruk
6.920756119128271,274.4593565073832,3.317360734280885,14.219399683912446,Gedong Gincu,hijau kekuningan,hujan,buruk
6.8272373522359215,282.51908943606344,2.516843807117434,12.300272232742769,Gedong Gincu,hijau kekuningan,kemarau,buruk
7.828496803144367,243.98094180232007,1.913665226992982,13.694843354300843,Gedong Gincu,hijau kekuningan,kemarau,buruk
6.274959055934152,202.87173042784673,2.8890695481023467,12.84336893652889,Gedong Gincu,hijau kekuningan,hujan,buruk
8.966968386107403,273.29002485205586,3.3694052404437516,12.059241540342907,Manalagi,kuning,kemarau,buruk
5.8568438658631425,290.40288991405725,3.1836436567006703,15.676367353590244,Gedong Gincu,hijau kekuningan,hujan,buruk
4.237759937574659,235.1866278245559,2.1968114971954096,13.558468068627215,Golek,hijau,kemarau,buruk
7.640369110368291,335.5306686290963,2.9477753907312643,11.66235655361998,Manalagi,hijau,hujan,buruk
6.599746958788016,226.6448296604612,2.633106013107318,12.072126782939256,Manalagi,hijau kekuningan,hujan,buruk
5.387176238971311,261.91844913673924,3.4875988148912147,13.002188339879691,Arumanis,hijau,hujan,buruk
7.283939807899445,384.37671828484804,2.0949837983637103,10.624132266325644,Manalagi,hijau kekuningan,kemarau,buruk
7.113443119429977,318.68292725814786,2.931275742686154,13.905749094405877,Indramayu,hijau kekuningan,hujan,buruk
7.966160663022576,337.47906526362493,2.492790561416,13.565740487162692,Arumanis,hijau,kemarau,buruk
6.204725014244062,207.8376702341904,4.085471358748907,11.648228375135327,Gedong Gincu,kuning,kemarau,buruk
8.274894768086913,280.55718273247714,4.145441962039381,12.214084764157427,Indramayu,hijau,kemarau,buruk
5.609035297162342,183.99887443896472,2.694115454547357,11.925926405903176,Arumanis,hijau kekuningan,hujan,buruk
6.235766447590451,146.60726367820038,3.2260166722928845,9.519879415058831,Gedong Gincu,kuning,kemarau,buruk
6.598927703521404,177.1224250267535,2.8453954614750683,10.495687188818835,Manalagi,kuning,hujan,buruk
7.076175363466843,386.5433616611784,3.188675351381615,11.639020422136733,Arumanis,hijau kekuningan,hujan,buruk
6.755835953885227,212.40153341305904,2.840473032166691,10.407948286393022,Manalagi,kuning,kemarau,buruk
6.477730393080719,303.80731563200067,2.800444073898625,10.694206455176875,Manalagi,kuning,kemarau,buruk
4.336232388492866,170.7932028497255,3.1335633255057416,13.017450046459867,Gedong Gincu,kuning,hujan,buruk
7.605497221892414,222.88138392806022,3.0724338323287776,10.770454269686164,Indramayu,hijau kekuningan,kemarau,buruk
6.1777632225130015,205.44038872923562,1.9240922993353475,10.56169336151516,Golek,hijau,hujan,buruk
8.325678197398307,225.45312750643174,3.2559620455146376,11.663383532075862,Golek,hijau,hujan,buruk
5.191521107068585,320.54661898731354,2.950705933857869,12.037699245889696,Manalagi,hijau kekuningan,hujan,buruk
6.748068856693993,287.9469300060974,3.1907692812946653,13.273192651643658,Indramayu,hijau kekuningan,hujan,buruk
5.127528551215206,255.42798528882616,2.9833850046777695,11.58376628545492,Indramayu,hijau,kemarau,buruk
9.71373184836607,225.7174411954664,2.0203048869546283,13.465298721458165,Gedong Gincu,hijau,kemarau,buruk
7.663348640632084,271.35971809358426,2.6768863450780986,15.550621785219024,Indramayu,hijau,kemarau,buruk
5.367379153491539,195.27067302235355,2.8671152067530086,14.866844839650337,Gedong Gincu,hijau,hujan,buruk
6.846432355135828,263.01609193856103,2.932845629264726,13.621616546319565,Arumanis,hijau,kemarau,buruk
4.2972108405655565,308.5622894660772,3.7928232464428664,13.559133454480763,Arumanis,kuning,hujan,buruk
5.190840283741762,229.45928560227077,2.447147665757032,11.57015793942253,Golek,hijau kekuningan,hujan,buruk
5.342714894465969,228.49216822040816,3.024789260242353,11.677311576696413,Golek,kuning,hujan,buruk
5.825398368106038,239.5389063127736,2.158280903889525,10.388259867007623,Arumanis,hijau,kemarau,buruk
4.545331779710582,313.62437232993693,3.9456939247751697,11.075807962697203,Golek,kuning,kemarau,buruk
5.931392783514901,249.27738645608605,3.2731421240018497,12.012844539621875,Manalagi,hijau kekuningan,kemarau,buruk
5.182225426362984,231.90943303837162,2.0981092891109108,11.290025431773424,Indramayu,kuning,kemarau,buruk
7.336345285412882,233.3090255121995,3.5865623187933204,12.739284384396187,Indramayu,hijau,hujan,buruk
4.652400176872016,175.6861485024853,3.26447896819626,7.922077445989168,Golek,kuning,hujan,buruk
8.57901799938211,361.5650073096316,3.3190255507203785,13.001688949888914,Manalagi,hijau kekuningan,hujan,buruk
5.223917592114859,206.32951829560957,2.3692725831724455,10.269921547302014,Manalagi,hijau kekuningan,hujan,buruk
4.124840227549055,287.3955128058767,2.4636284871300966,12.478493728222299,Gedong Gincu,kuning,hujan,buruk
6.253655490214279,366.708179006352,3.1459308810000075,13.798929942296493,Gedong Gincu,kuning,hujan,buruk
5.0245404866570995,274.8349611618261,2.7673447716099733,11.788103291391728,Arumanis,hijau kekuningan,hujan,buruk
4.6705744560569915,262.04624986447345,3.1329431490296664,15.538233400526572,Arumanis,kuning,kemarau,buruk
6.869660647404923,230.41757162891045,3.134563470622554,11.313615449005178,Manalagi,hijau,kemarau,buruk
6.3504586445718445,191.37041955736288,2.993264089167421,12.781045795130002,Gedong Gincu,hijau kekuningan,hujan,buruk
4.372361038151743,313.0960750356996,2.5471338495686906,10.69246732270236,Gedong Gincu,hijau kekuningan,kemarau,buruk
6.788565499196248,129.01273762941187,4.357973286156441,11.460562936885328,Gedong Gincu,hijau,hujan,buruk
6.434127199260456,264.27770374288286,3.260561214189669,13.290431171900114,Arumanis,hijau,hujan,buruk
7.898967223050063,239.77725101573878,2.932372837303154,14.007133120366571,Manalagi,kuning,hujan,buruk
7.287080931835713,259.7368097359387,2.9906456217770514,11.222963093822228,Manalagi,kuning,hujan,buruk
7.6423524362117625,305.05778811236434,2.795019748073613,10.505843841396716,Gedong Gincu,hijau kekuningan,hujan,buruk
5.747939330492041,293.1196736191379,3.4765625226880434,13.026170840194586,Golek,hijau,kemarau,buruk
7.118051207931425,285.78291223789455,3.2106899055490414,10.812319675506723,Gedong Gincu,hijau,kemarau,buruk
7.926696045769571,285.4151923600532,3.1757241037707913,14.140300476632856,Manalagi,hijau,kemarau,buruk
5.515710404661558,248.7986070959698,2.179866680387342,8.734883194015813,Gedong Gincu,hijau,kemarau,buruk
5.5490960948000465,234.60192351804798,2.053192666523107,12.426587414745876,Indramayu,hijau kekuningan,kemarau,buruk
8.246025467315796,250.15420634125135,2.9103947626873055,12.165025398646378,Gedong Gincu,hijau kekuningan,kemarau,buruk
4.570928162757231,211.86376107168928,2.615428825106351,10.120193797782271,Gedong Gincu,hijau kekuningan,hujan,buruk
6.314090477796468,285.0368142566449,2.8608044145945106,13.266722629687305,Manalagi,kuning,kemarau,buruk
7.262501636251072,188.03708025732638,3.029966315133164,12.554753875916383,Manalagi,kuning,kemarau,buruk
5.4743924660343,266.7518562631234,3.0039821413236654,14.007419047621354,Golek,hijau,kemarau,buruk
8.660613417813025,311.9473176469719,3.104829707637313,11.016727628735905,Gedong Gincu,hijau,kemarau,buruk
7.51204714658847,277.97245379975186,3.1182908754380985,14.73941755593956,Golek,hijau,kemarau,buruk
6.97089916061452,224.55181871462506,2.9872128439040027,8.461848190221763,Manalagi,hijau,hujan,buruk
6.902286424483938,202.62539325131127,2.6869049838892165,12.030757962744211,Gedong Gincu,kuning,kemarau,buruk
6.106526340184499,257.75953419294893,3.4125491323338175,10.2657395685782,Gedong Gincu,hijau kekuningan,hujan,buruk
6.172429520096198,211.12304800775112,3.364342398608458,11.023606005535505,Indramayu,hijau,hujan,buruk
6.81507359480231,259.6794955683772,3.425448981083986,11.725256423201207,Arumanis,hijau,hujan,buruk
6.4213428718627945,349.08459032000144,3.7843893020514243,9.343807475132504,Gedong Gincu,hijau,kemarau,buruk
7.658476981509405,311.8065360903109,3.0443287954807188,12.394631414811192,Gedong Gincu,hijau,hujan,buruk
6.74396353228289,235.7658482163708,2.7809450878782025,12.279553939532471,Indramayu,hijau kekuningan,hujan,buruk
6.500633550627917,280.0603374464557,2.278072591933229,7.407638093725524,Manalagi,kuning,kemarau,buruk
4.81452289151643,179.1751182460266,3.617560910974264,11.35981603811122,Indramayu,hijau,kemarau,buruk
7.246648572852083,193.05834411096154,3.5195558937101343,11.84847142692908,Manalagi,hijau kekuningan,kemarau,buruk
7.665129597652233,330.1126612803455,2.62899693217118,11.16407299232271,Indramayu,hijau,hujan,buruk
5.456404302470367,306.2717392207385,2.405294053566336,15.285345906511926,Manalagi,kuning,kemarau,buruk
6.730751573770275,242.5888561204115,2.560758581725965,9.174928473157994,Golek,hijau kekuningan,kemarau,buruk
6.06547920516261,173.8659146939812,3.370412172710063,8.089538652562435,Gedong Gincu,hijau kekuningan,hujan,buruk
6.225680101591978,200.28253126957438,1.7188331706023448,11.617944474799662,Indramayu,hijau,kemarau,buruk
6.407153130400673,250.75096132971447,3.2690308600909046,11.916638395220213,Arumanis,hijau,hujan,buruk
5.083024621629386,305.7160847334436,3.357690657720622,13.43637145141587,Arumanis,kuning,kemarau,buruk
6.214765850372431,259.61173820976154,3.4904267245687377,10.51554095961673,Golek,hijau kekuningan,kemarau,buruk
5.013071509215319,176.623736712378,3.0823804206182586,12.101775403712036,Golek,hijau kekuningan,kemarau,buruk
7.304263876732806,283.84831936697685,1.863251870442348,10.127422735186455,Arumanis,hijau kekuningan,kemarau,buruk
6.376094287821143,167.84055944229164,2.9120727977839644,15.322940331456037,Gedong Gincu,kuning,kemarau,buruk
7.144508999673373,252.5813188355604,2.897136204586013,10.699966662659094,Indramayu,hijau kekuningan,hujan,buruk
6.049764343611276,234.1142451621883,3.6408218975018842,13.11538212145025,Golek,kuning,kemarau,buruk
6.89084882937584,231.52072355414316,2.350936557472685,15.156213615823027,Gedong Gincu,kuning,kemarau,buruk
5.526970986547594,187.1211070542692,2.8829900704465095,12.93271674889267,Indramayu,hijau,hujan,buruk
6.8960780009751455,280.99631661979026,2.455459941926098,11.688357051341795,Arumanis,kuning,hujan,buruk
4.57080676745833,259.23702894478623,4.01180310961482,12.013599689119996,Manalagi,hijau kekuningan,hujan,buruk
7.509834010447711,219.11816953028767,4.093824937275009,8.211053862326072,Arumanis,kuning,hujan,buruk
4.791251417059826,236.66738353827927,2.785377789850669,13.17710653954144,Arumanis,hijau kekuningan,hujan,buruk
6.557553735177856,266.59219316292575,2.7881117942759848,8.765274099782864,Arumanis,kuning,kemarau,buruk
6.727647401132475,216.90089111016954,3.2129436030965177,12.038295554831505,Golek,kuning,hujan,buruk
6.398132217797176,187.83380357969506,2.5192558151722313,13.661704648558734,Arumanis,kuning,hujan,buruk
5.352276347818389,273.62031389401886,3.7420580142679825,12.71122669757132,Gedong Gincu,hijau,hujan,buruk
7.24218605654777,239.62612386580636,3.314312616420608,9.46120958676879,Golek,kuning,hujan,buruk
7.558799674788091,227.39548335834598,2.764978926120249,12.531756459304097,Manalagi,hijau,kemarau,buruk
6.476301087758447,225.67100546630962,2.601914647653128,12.677987370618492,Gedong Gincu,kuning,kemarau,buruk
7.393030365799924,240.93879133909485,2.675313480839287,14.642608064546025,Arumanis,kuning,hujan,buruk
6.797014299891445,257.5202719088082,3.050260047254081,13.175463304959885,Manalagi,hijau,kemarau,buruk
5.678444209087996,289.53127995813844,2.014948091144082,13.785194676598618,Gedong Gincu,kuning,hujan,buruk
3.7919779303171803,168.15000785027775,2.2368645016388937,14.265773281853125,Manalagi,kuning,kemarau,buruk
4.651702841562708,349.1693117425856,3.274615398250824,17.26844408729992,Arumanis,hijau,kemarau,buruk
5.421459142012246,183.48431871305053,2.905439804611483,13.84330022384892,Golek,hijau,kemarau,buruk
6.0669302966904715,76.42850540308086,3.2045140268713186,9.348980176635187,Golek,kuning,hujan,buruk
7.56426486811676,228.96191031594734,1.6978930716864329,12.39789629359299,Gedong Gincu,hijau kekuningan,kemarau,buruk
5.925719309580663,297.88638268310046,3.5185236443699646,13.481181736206095,Golek,hijau,kemarau,buruk
4.36569489919218,265.98259129594885,2.7479100844961644,11.836954653796708,Golek,hijau,hujan,buruk
7.328284160456327,122.08158083714488,2.634243298051835,9.95360897736341,Gedong Gincu,hijau kekuningan,hujan,buruk
7.315247939547804,192.5602982420672,3.333156250454606,12.925182585707903,Golek,hijau kekuningan,kemarau,buruk
5.225243413800351,190.0858307126421,3.4317983296232955,13.159286458645294,Arumanis,kuning,kemarau,buruk
7.4400686111391146,237.42305569777523,2.7012449026541794,14.844739723397016,Manalagi,hijau,hujan,buruk
5.781888877587727,261.42882637589486,3.901082404215723,12.76620042414644,Gedong Gincu,hijau kekuningan,hujan,buruk
7.00207786506642,320.0799296473215,3.3252250462680695,8.993839396480364,Gedong Gincu,hijau kekuningan,kemarau,buruk
7.664472067816222,290.16825244105814,3.016663962832901,10.087646233700706,Arumanis,kuning,hujan,buruk
7.228067670963419,240.8401690639806,3.267252824240275,13.775310851747673,Gedong Gincu,kuning,kemarau,buruk
7.479287412072617,246.28945107253045,3.5437320870157487,13.848323647711805,Indramayu,kuning,kemarau,buruk
7.506728600563535,219.13734067265383,2.720849123026985,9.79969153405661,Arumanis,kuning,hujan,buruk
7.769848456332689,296.87800611023823,3.3168057702879157,12.17593764210566,Indramayu,hijau kekuningan,kemarau,buruk
5.189958948632823,230.64501487627996,3.3477688787828885,13.698204221486288,Gedong Gincu,hijau,hujan,buruk
6.427653210330066,272.73975848211904,3.3870657308096828,9.997125846989844,Arumanis,kuning,hujan,buruk
7.100798865657452,252.488684359048,3.0035315793140884,10.679357721053107,Indramayu,kuning,kemarau,buruk
6.21446774318351,263.4512034068767,3.1218185235137605,14.773516132262307,Manalagi,hijau,kemarau,buruk
5.925395052789915,206.86121179784396,3.346739455956997,11.215974720161741,Arumanis,kuning,hujan,buruk
5.720729967507506,288.60473944876446,3.555789328565984,15.86941199686678,Gedong Gincu,hijau,hujan,buruk
6.056867432904556,257.16942336711253,2.11188238355084,12.817305622961342,Manalagi,hijau kekuningan,hujan,buruk
7.999736841684328,174.2452328522175,3.6088742428256,10.263117941495702,Indramayu,hijau kekuningan,kemarau,buruk
5.857038244337243,164.63210212035267,2.4417377800256705,14.471623240013876,Arumanis,hijau,kemarau,buruk
7.149268116191165,242.32578605220718,3.6936287055262977,14.293247833123855,Golek,kuning,hujan,buruk
6.068277625053097,183.6976156958981,2.793267419438362,12.520561013165771,Gedong Gincu,kuning,kemarau,buruk
5.891509261371793,166.5774224044476,2.3358425242674747,12.15494743747446,Golek,hijau kekuningan,hujan,buruk
6.223519142953079,203.7883427865848,3.4450992055623932,14.070498669447506,Indramayu,kuning,hujan,buruk
5.170091045820816,166.9378418646789,2.58574228193125,10.674431042411268,Gedong Gincu,hijau,hujan,buruk
5.393768224249625,199.80213139592507,3.1036336646994718,12.138688674072501,Indramayu,hijau kekuningan,kemarau,buruk
6.399938869670848,259.284629487053,3.0986636312976055,10.374544086163136,Arumanis,kuning,hujan,buruk
4.940502515686883,291.48662089395873,3.405698277245796,9.703473422494763,Indramayu,hijau kekuningan,kemarau,buruk
4.610024636680372,296.3031188905983,3.327800713774754,8.926952770112432,Golek,hijau kekuningan,hujan,buruk
7.161771530287428,267.02946082002484,3.195347960464072,9.347055743377833,Indramayu,kuning,hujan,buruk
5.462521127266038,334.76942292259815,3.0218898813569446,11.488317726193817,Indramayu,hijau kekuningan,hujan,buruk
7.186468930056973,246.89044915003444,3.5621766799352512,11.331845538040119,Gedong Gincu,hijau,kemarau,buruk
5.462730714902984,242.953604286119,3.1582701633043158,12.379321754126842,Manalagi,kuning,hujan,buruk
5.9758829153141395,169.67114496306604,3.8747919521027105,14.762908157380974,Arumanis,hijau kekuningan,kemarau,buruk
6.462542241261772,155.64292161027964,3.1795915245960398,11.7607214543721,Manalagi,hijau,hujan,buruk
